STRUCTURE,STRUCTURE_ID,STRUCTURE_NAME,ACTION,P,Service provider,S,Service,M,Mode of provision,F,Financing scheme,AGE,Age groups,GENDER,Sex,CANTON,Swiss cantons,UNIT,Measurement unit,FREQ,Frequency of observation,TIME_PERIOD,Time Period,OBS_VALUE,Observation value,MULT,Unit Multiplier,OBS_STATUS,Observation Status,DECIMALS,Decimals
DATAFLOW,CH1.COU:DF_COU_HEALTH_COSTS(1.0.0),Costs of health care,I,_T,Total,_T,Total,_T,Total,_T,Total,_T,Total,_T,Total,_T,Total,CHF,Swiss franc,A,Annual,2024,,97201.37,,6,Millions,P,Provisional value,3,Three
DATAFLOW,CH1.COU:DF_COU_HEALTH_COSTS(1.0.0),Costs of health care,I,_T,Total,_T,Total,M_1,Inpatient,_T,Total,_T,Total,_T,Total,_T,Total,CHF,Swiss franc,A,Annual,2024,,38984.117,,6,Millions,P,Provisional value,3,Three
DATAFLOW,CH1.COU:DF_COU_HEALTH_COSTS(1.0.0),Costs of health care,I,_T,Total,_T,Total,M_2,Outpatient,_T,Total,_T,Total,_T,Total,_T,Total,CHF,Swiss franc,A,Annual,2024,,45371.84,,6,Millions,P,Provisional value,3,Three
DATAFLOW,CH1.COU:DF_COU_HEALTH_COSTS(1.0.0),Costs of health care,I,_T,Total,_T,Total,M_3,Day care,_T,Total,_T,Total,_T,Total,_T,Total,CHF,Swiss franc,A,Annual,2024,,76.71,,6,Millions,P,Provisional value,3,Three
DATAFLOW,CH1.COU:DF_COU_HEALTH_COSTS(1.0.0),Costs of health care,I,_T,Total,_T,Total,M_4,Home based,_T,Total,_T,Total,_T,Total,_T,Total,CHF,Swiss franc,A,Annual,2024,,4586.131,,6,Millions,P,Provisional value,3,Three
DATAFLOW,CH1.COU:DF_COU_HEALTH_COSTS(1.0.0),Costs of health care,I,_T,Total,_T,Total,M_5,Not defined,_T,Total,_T,Total,_T,Total,_T,Total,CHF,Swiss franc,A,Annual,2024,,8182.568,,6,Millions,P,Provisional value,3,Three
DATAFLOW,CH1.COU:DF_COU_HEALTH_COSTS(1.0.0),Costs of health care,I,_T,Total,S_1,Care,_T,Total,_T,Total,_T,Total,_T,Total,_T,Total,CHF,Swiss franc,A,Annual,2024,,59931.344,,6,Millions,P,Provisional value,3,Three
DATAFLOW,CH1.COU:DF_COU_HEALTH_COSTS(1.0.0),Costs of health care,I,_T,Total,S_1,Care,M_1,Inpatient,_T,Total,_T,Total,_T,Total,_T,Total,CHF,Swiss franc,A,Annual,2024,,32752.121,,6,Millions,P,Provisional value,3,Three
DATAFLOW,CH1.COU:DF_COU_HEALTH_COSTS(1.0.0),Costs of health care,I,_T,Total,S_1,Care,M_2,Outpatient,_T,Total,_T,Total,_T,Total,_T,Total,CHF,Swiss franc,A,Annual,2024,,23879.645,,6,Millions,P,Provisional value,3,Three
DATAFLOW,CH1.COU:DF_COU_HEALTH_COSTS(1.0.0),Costs of health care,I,_T,Total,S_1,Care,M_3,Day care,_T,Total,_T,Total,_T,Total,_T,Total,CHF,Swiss franc,A,Annual,2024,,76.71,,6,Millions,P,Provisional value,3,Three
DATAFLOW,CH1.COU:DF_COU_HEALTH_COSTS(1.0.0),Costs of health care,I,_T,Total,S_1,Care,M_4,Home based,_T,Total,_T,Total,_T,Total,_T,Total,CHF,Swiss franc,A,Annual,2024,,3222.868,,6,Millions,P,Provisional value,3,Three
DATAFLOW,CH1.COU:DF_COU_HEALTH_COSTS(1.0.0),Costs of health care,I,_T,Total,S_1_1,Curative care,_T,Total,_T,Total,_T,Total,_T,Total,_T,Total,CHF,Swiss franc,A,Annual,2024,,38596.465,,6,Millions,P,Provisional value,3,Three
DATAFLOW,CH1.COU:DF_COU_HEALTH_COSTS(1.0.0),Costs of health care,I,_T,Total,S_1_1,Curative care,M_1,Inpatient,_T,Total,_T,Total,_T,Total,_T,Total,CHF,Swiss franc,A,Annual,2024,,17776.9,,6,Millions,P,Provisional value,3,Three
DATAFLOW,CH1.COU:DF_COU_HEALTH_COSTS(1.0.0),Costs of health care,I,_T,Total,S_1_1,Curative care,M_2,Outpatient,_T,Total,_T,Total,_T,Total,_T,Total,CHF,Swiss franc,A,Annual,2024,,20819.566,,6,Millions,P,Provisional value,3,Three
DATAFLOW,CH1.COU:DF_COU_HEALTH_COSTS(1.0.0),Costs of health care,I,_T,Total,S_1_1_1,"Curative care, somatic",_T,Total,_T,Total,_T,Total,_T,Total,_T,Total,CHF,Swiss franc,A,Annual,2024,,32554.188,,6,Millions,P,Provisional value,3,Three
DATAFLOW,CH1.COU:DF_COU_HEALTH_COSTS(1.0.0),Costs of health care,I,_T,Total,S_1_1_1,"Curative care, somatic",M_1,Inpatient,_T,Total,_T,Total,_T,Total,_T,Total,CHF,Swiss franc,A,Annual,2024,,14866.034,,6,Millions,P,Provisional value,3,Three
DATAFLOW,CH1.COU:DF_COU_HEALTH_COSTS(1.0.0),Costs of health care,I,_T,Total,S_1_1_1,"Curative care, somatic",M_2,Outpatient,_T,Total,_T,Total,_T,Total,_T,Total,CHF,Swiss franc,A,Annual,2024,,17688.154,,6,Millions,P,Provisional value,3,Three
DATAFLOW,CH1.COU:DF_COU_HEALTH_COSTS(1.0.0),Costs of health care,I,_T,Total,S_1_1_2,"Curative care, psychiatric",_T,Total,_T,Total,_T,Total,_T,Total,_T,Total,CHF,Swiss franc,A,Annual,2024,,6042.278,,6,Millions,P,Provisional value,3,Three
DATAFLOW,CH1.COU:DF_COU_HEALTH_COSTS(1.0.0),Costs of health care,I,_T,Total,S_1_1_2,"Curative care, psychiatric",M_1,Inpatient,_T,Total,_T,Total,_T,Total,_T,Total,CHF,Swiss franc,A,Annual,2024,,2910.866,,6,Millions,P,Provisional value,3,Three
DATAFLOW,CH1.COU:DF_COU_HEALTH_COSTS(1.0.0),Costs of health care,I,_T,Total,S_1_1_2,"Curative care, psychiatric",M_2,Outpatient,_T,Total,_T,Total,_T,Total,_T,Total,CHF,Swiss franc,A,Annual,2024,,3131.412,,6,Millions,P,Provisional value,3,Three
DATAFLOW,CH1.COU:DF_COU_HEALTH_COSTS(1.0.0),Costs of health care,I,_T,Total,S_1_2,Rehabilitative care,_T,Total,_T,Total,_T,Total,_T,Total,_T,Total,CHF,Swiss franc,A,Annual,2024,,4844.406,,6,Millions,P,Provisional value,3,Three
DATAFLOW,CH1.COU:DF_COU_HEALTH_COSTS(1.0.0),Costs of health care,I,_T,Total,S_1_2,Rehabilitative care,M_1,Inpatient,_T,Total,_T,Total,_T,Total,_T,Total,CHF,Swiss franc,A,Annual,2024,,2354.219,,6,Millions,P,Provisional value,3,Three
DATAFLOW,CH1.COU:DF_COU_HEALTH_COSTS(1.0.0),Costs of health care,I,_T,Total,S_1_2,Rehabilitative care,M_2,Outpatient,_T,Total,_T,Total,_T,Total,_T,Total,CHF,Swiss franc,A,Annual,2024,,2490.186,,6,Millions,P,Provisional value,3,Three
DATAFLOW,CH1.COU:DF_COU_HEALTH_COSTS(1.0.0),Costs of health care,I,_T,Total,S_1_2_1,"Rehabilitative care, somatic",_T,Total,_T,Total,_T,Total,_T,Total,_T,Total,CHF,Swiss franc,A,Annual,2024,,4692.954,,6,Millions,P,Provisional value,3,Three
DATAFLOW,CH1.COU:DF_COU_HEALTH_COSTS(1.0.0),Costs of health care,I,_T,Total,S_1_2_1,"Rehabilitative care, somatic",M_1,Inpatient,_T,Total,_T,Total,_T,Total,_T,Total,CHF,Swiss franc,A,Annual,2024,,2252.077,,6,Millions,P,Provisional value,3,Three
DATAFLOW,CH1.COU:DF_COU_HEALTH_COSTS(1.0.0),Costs of health care,I,_T,Total,S_1_2_1,"Rehabilitative care, somatic",M_2,Outpatient,_T,Total,_T,Total,_T,Total,_T,Total,CHF,Swiss franc,A,Annual,2024,,2440.877,,6,Millions,P,Provisional value,3,Three
DATAFLOW,CH1.COU:DF_COU_HEALTH_COSTS(1.0.0),Costs of health care,I,_T,Total,S_1_2_2,"Rehabilitative care, psychiatric",_T,Total,_T,Total,_T,Total,_T,Total,_T,Total,CHF,Swiss franc,A,Annual,2024,,151.452,,6,Millions,P,Provisional value,3,Three
DATAFLOW,CH1.COU:DF_COU_HEALTH_COSTS(1.0.0),Costs of health care,I,_T,Total,S_1_2_2,"Rehabilitative care, psychiatric",M_1,Inpatient,_T,Total,_T,Total,_T,Total,_T,Total,CHF,Swiss franc,A,Annual,2024,,102.142,,6,Millions,P,Provisional value,3,Three
DATAFLOW,CH1.COU:DF_COU_HEALTH_COSTS(1.0.0),Costs of health care,I,_T,Total,S_1_2_2,"Rehabilitative care, psychiatric",M_2,Outpatient,_T,Total,_T,Total,_T,Total,_T,Total,CHF,Swiss franc,A,Annual,2024,,49.309,,6,Millions,P,Provisional value,3,Three
DATAFLOW,CH1.COU:DF_COU_HEALTH_COSTS(1.0.0),Costs of health care,I,_T,Total,S_1_3,Long-term care,_T,Total,_T,Total,_T,Total,_T,Total,_T,Total,CHF,Swiss franc,A,Annual,2024,,15870.328,,6,Millions,P,Provisional value,3,Three
DATAFLOW,CH1.COU:DF_COU_HEALTH_COSTS(1.0.0),Costs of health care,I,_T,Total,S_1_3,Long-term care,M_1,Inpatient,_T,Total,_T,Total,_T,Total,_T,Total,CHF,Swiss franc,A,Annual,2024,,12579.525,,6,Millions,P,Provisional value,3,Three
DATAFLOW,CH1.COU:DF_COU_HEALTH_COSTS(1.0.0),Costs of health care,I,_T,Total,S_1_3,Long-term care,M_3,Day care,_T,Total,_T,Total,_T,Total,_T,Total,CHF,Swiss franc,A,Annual,2024,,76.71,,6,Millions,P,Provisional value,3,Three
DATAFLOW,CH1.COU:DF_COU_HEALTH_COSTS(1.0.0),Costs of health care,I,_T,Total,S_1_3,Long-term care,M_4,Home based,_T,Total,_T,Total,_T,Total,_T,Total,CHF,Swiss franc,A,Annual,2024,,3214.093,,6,Millions,P,Provisional value,3,Three
DATAFLOW,CH1.COU:DF_COU_HEALTH_COSTS(1.0.0),Costs of health care,I,_T,Total,S_1_3_1,"Long-term care, somatic",_T,Total,_T,Total,_T,Total,_T,Total,_T,Total,CHF,Swiss franc,A,Annual,2024,,15869.299,,6,Millions,P,Provisional value,3,Three
DATAFLOW,CH1.COU:DF_COU_HEALTH_COSTS(1.0.0),Costs of health care,I,_T,Total,S_1_3_1,"Long-term care, somatic",M_1,Inpatient,_T,Total,_T,Total,_T,Total,_T,Total,CHF,Swiss franc,A,Annual,2024,,12578.497,,6,Millions,P,Provisional value,3,Three
DATAFLOW,CH1.COU:DF_COU_HEALTH_COSTS(1.0.0),Costs of health care,I,_T,Total,S_1_3_1,"Long-term care, somatic",M_3,Day care,_T,Total,_T,Total,_T,Total,_T,Total,CHF,Swiss franc,A,Annual,2024,,76.71,,6,Millions,P,Provisional value,3,Three
DATAFLOW,CH1.COU:DF_COU_HEALTH_COSTS(1.0.0),Costs of health care,I,_T,Total,S_1_3_1,"Long-term care, somatic",M_4,Home based,_T,Total,_T,Total,_T,Total,_T,Total,CHF,Swiss franc,A,Annual,2024,,3214.093,,6,Millions,P,Provisional value,3,Three
DATAFLOW,CH1.COU:DF_COU_HEALTH_COSTS(1.0.0),Costs of health care,I,_T,Total,S_1_3_2,"Long-term care, psychiatric",_T,Total,_T,Total,_T,Total,_T,Total,_T,Total,CHF,Swiss franc,A,Annual,2024,,1.028,,6,Millions,P,Provisional value,3,Three
DATAFLOW,CH1.COU:DF_COU_HEALTH_COSTS(1.0.0),Costs of health care,I,_T,Total,S_1_3_2,"Long-term care, psychiatric",M_1,Inpatient,_T,Total,_T,Total,_T,Total,_T,Total,CHF,Swiss franc,A,Annual,2024,,1.028,,6,Millions,P,Provisional value,3,Three
DATAFLOW,CH1.COU:DF_COU_HEALTH_COSTS(1.0.0),Costs of health care,I,_T,Total,S_1_4,Acute and transitional care (ATC),_T,Total,_T,Total,_T,Total,_T,Total,_T,Total,CHF,Swiss franc,A,Annual,2024,,50.251,,6,Millions,P,Provisional value,3,Three
DATAFLOW,CH1.COU:DF_COU_HEALTH_COSTS(1.0.0),Costs of health care,I,_T,Total,S_1_4,Acute and transitional care (ATC),M_1,Inpatient,_T,Total,_T,Total,_T,Total,_T,Total,CHF,Swiss franc,A,Annual,2024,,41.476,,6,Millions,P,Provisional value,3,Three
DATAFLOW,CH1.COU:DF_COU_HEALTH_COSTS(1.0.0),Costs of health care,I,_T,Total,S_1_4,Acute and transitional care (ATC),M_4,Home based,_T,Total,_T,Total,_T,Total,_T,Total,CHF,Swiss franc,A,Annual,2024,,8.775,,6,Millions,P,Provisional value,3,Three
DATAFLOW,CH1.COU:DF_COU_HEALTH_COSTS(1.0.0),Costs of health care,I,_T,Total,S_1_4_1,"Acute and transitional care (ATC), somatic",_T,Total,_T,Total,_T,Total,_T,Total,_T,Total,CHF,Swiss franc,A,Annual,2024,,50.251,,6,Millions,P,Provisional value,3,Three
DATAFLOW,CH1.COU:DF_COU_HEALTH_COSTS(1.0.0),Costs of health care,I,_T,Total,S_1_4_1,"Acute and transitional care (ATC), somatic",M_1,Inpatient,_T,Total,_T,Total,_T,Total,_T,Total,CHF,Swiss franc,A,Annual,2024,,41.476,,6,Millions,P,Provisional value,3,Three
DATAFLOW,CH1.COU:DF_COU_HEALTH_COSTS(1.0.0),Costs of health care,I,_T,Total,S_1_4_1,"Acute and transitional care (ATC), somatic",M_4,Home based,_T,Total,_T,Total,_T,Total,_T,Total,CHF,Swiss franc,A,Annual,2024,,8.775,,6,Millions,P,Provisional value,3,Three
DATAFLOW,CH1.COU:DF_COU_HEALTH_COSTS(1.0.0),Costs of health care,I,_T,Total,S_1_5,Other care,_T,Total,_T,Total,_T,Total,_T,Total,_T,Total,CHF,Swiss franc,A,Annual,2024,,569.893,,6,Millions,P,Provisional value,3,Three
DATAFLOW,CH1.COU:DF_COU_HEALTH_COSTS(1.0.0),Costs of health care,I,_T,Total,S_1_5,Other care,M_2,Outpatient,_T,Total,_T,Total,_T,Total,_T,Total,CHF,Swiss franc,A,Annual,2024,,569.893,,6,Millions,P,Provisional value,3,Three
DATAFLOW,CH1.COU:DF_COU_HEALTH_COSTS(1.0.0),Costs of health care,I,_T,Total,S_2,Help and support services,_T,Total,_T,Total,_T,Total,_T,Total,_T,Total,CHF,Swiss franc,A,Annual,2024,,4807.004,,6,Millions,P,Provisional value,3,Three
DATAFLOW,CH1.COU:DF_COU_HEALTH_COSTS(1.0.0),Costs of health care,I,_T,Total,S_2,Help and support services,M_1,Inpatient,_T,Total,_T,Total,_T,Total,_T,Total,CHF,Swiss franc,A,Annual,2024,,3443.741,,6,Millions,P,Provisional value,3,Three
DATAFLOW,CH1.COU:DF_COU_HEALTH_COSTS(1.0.0),Costs of health care,I,_T,Total,S_2,Help and support services,M_4,Home based,_T,Total,_T,Total,_T,Total,_T,Total,CHF,Swiss franc,A,Annual,2024,,1363.263,,6,Millions,P,Provisional value,3,Three
DATAFLOW,CH1.COU:DF_COU_HEALTH_COSTS(1.0.0),Costs of health care,I,_T,Total,S_2_1,Help services,_T,Total,_T,Total,_T,Total,_T,Total,_T,Total,CHF,Swiss franc,A,Annual,2024,,4807.004,,6,Millions,P,Provisional value,3,Three
DATAFLOW,CH1.COU:DF_COU_HEALTH_COSTS(1.0.0),Costs of health care,I,_T,Total,S_2_1,Help services,M_1,Inpatient,_T,Total,_T,Total,_T,Total,_T,Total,CHF,Swiss franc,A,Annual,2024,,3443.741,,6,Millions,P,Provisional value,3,Three
DATAFLOW,CH1.COU:DF_COU_HEALTH_COSTS(1.0.0),Costs of health care,I,_T,Total,S_2_1,Help services,M_4,Home based,_T,Total,_T,Total,_T,Total,_T,Total,CHF,Swiss franc,A,Annual,2024,,1363.263,,6,Millions,P,Provisional value,3,Three
DATAFLOW,CH1.COU:DF_COU_HEALTH_COSTS(1.0.0),Costs of health care,I,_T,Total,S_3,Ancillary services,_T,Total,_T,Total,_T,Total,_T,Total,_T,Total,CHF,Swiss franc,A,Annual,2024,,8655.675,,6,Millions,P,Provisional value,3,Three
DATAFLOW,CH1.COU:DF_COU_HEALTH_COSTS(1.0.0),Costs of health care,I,_T,Total,S_3,Ancillary services,M_1,Inpatient,_T,Total,_T,Total,_T,Total,_T,Total,CHF,Swiss franc,A,Annual,2024,,1251.307,,6,Millions,P,Provisional value,3,Three
DATAFLOW,CH1.COU:DF_COU_HEALTH_COSTS(1.0.0),Costs of health care,I,_T,Total,S_3,Ancillary services,M_2,Outpatient,_T,Total,_T,Total,_T,Total,_T,Total,CHF,Swiss franc,A,Annual,2024,,7404.368,,6,Millions,P,Provisional value,3,Three
DATAFLOW,CH1.COU:DF_COU_HEALTH_COSTS(1.0.0),Costs of health care,I,_T,Total,S_3_1,Radiology (imaging services),_T,Total,_T,Total,_T,Total,_T,Total,_T,Total,CHF,Swiss franc,A,Annual,2024,,3242.821,,6,Millions,P,Provisional value,3,Three
DATAFLOW,CH1.COU:DF_COU_HEALTH_COSTS(1.0.0),Costs of health care,I,_T,Total,S_3_1,Radiology (imaging services),M_1,Inpatient,_T,Total,_T,Total,_T,Total,_T,Total,CHF,Swiss franc,A,Annual,2024,,354.455,,6,Millions,P,Provisional value,3,Three
DATAFLOW,CH1.COU:DF_COU_HEALTH_COSTS(1.0.0),Costs of health care,I,_T,Total,S_3_1,Radiology (imaging services),M_2,Outpatient,_T,Total,_T,Total,_T,Total,_T,Total,CHF,Swiss franc,A,Annual,2024,,2888.366,,6,Millions,P,Provisional value,3,Three
DATAFLOW,CH1.COU:DF_COU_HEALTH_COSTS(1.0.0),Costs of health care,I,_T,Total,S_3_2,Laboratory analyses,_T,Total,_T,Total,_T,Total,_T,Total,_T,Total,CHF,Swiss franc,A,Annual,2024,,4174.193,,6,Millions,P,Provisional value,3,Three
DATAFLOW,CH1.COU:DF_COU_HEALTH_COSTS(1.0.0),Costs of health care,I,_T,Total,S_3_2,Laboratory analyses,M_1,Inpatient,_T,Total,_T,Total,_T,Total,_T,Total,CHF,Swiss franc,A,Annual,2024,,481.041,,6,Millions,P,Provisional value,3,Three
DATAFLOW,CH1.COU:DF_COU_HEALTH_COSTS(1.0.0),Costs of health care,I,_T,Total,S_3_2,Laboratory analyses,M_2,Outpatient,_T,Total,_T,Total,_T,Total,_T,Total,CHF,Swiss franc,A,Annual,2024,,3693.152,,6,Millions,P,Provisional value,3,Three
DATAFLOW,CH1.COU:DF_COU_HEALTH_COSTS(1.0.0),Costs of health care,I,_T,Total,S_3_3,Transport and rescue,_T,Total,_T,Total,_T,Total,_T,Total,_T,Total,CHF,Swiss franc,A,Annual,2024,,865.739,,6,Millions,P,Provisional value,3,Three
DATAFLOW,CH1.COU:DF_COU_HEALTH_COSTS(1.0.0),Costs of health care,I,_T,Total,S_3_3,Transport and rescue,M_1,Inpatient,_T,Total,_T,Total,_T,Total,_T,Total,CHF,Swiss franc,A,Annual,2024,,129.051,,6,Millions,P,Provisional value,3,Three
DATAFLOW,CH1.COU:DF_COU_HEALTH_COSTS(1.0.0),Costs of health care,I,_T,Total,S_3_3,Transport and rescue,M_2,Outpatient,_T,Total,_T,Total,_T,Total,_T,Total,CHF,Swiss franc,A,Annual,2024,,736.688,,6,Millions,P,Provisional value,3,Three
DATAFLOW,CH1.COU:DF_COU_HEALTH_COSTS(1.0.0),Costs of health care,I,_T,Total,S_3_4,Information and advice,_T,Total,_T,Total,_T,Total,_T,Total,_T,Total,CHF,Swiss franc,A,Annual,2024,,372.922,,6,Millions,P,Provisional value,3,Three
DATAFLOW,CH1.COU:DF_COU_HEALTH_COSTS(1.0.0),Costs of health care,I,_T,Total,S_3_4,Information and advice,M_1,Inpatient,_T,Total,_T,Total,_T,Total,_T,Total,CHF,Swiss franc,A,Annual,2024,,286.76,,6,Millions,P,Provisional value,3,Three
DATAFLOW,CH1.COU:DF_COU_HEALTH_COSTS(1.0.0),Costs of health care,I,_T,Total,S_3_4,Information and advice,M_2,Outpatient,_T,Total,_T,Total,_T,Total,_T,Total,CHF,Swiss franc,A,Annual,2024,,86.162,,6,Millions,P,Provisional value,3,Three
DATAFLOW,CH1.COU:DF_COU_HEALTH_COSTS(1.0.0),Costs of health care,I,_T,Total,S_4,Medical goods,_T,Total,_T,Total,_T,Total,_T,Total,_T,Total,CHF,Swiss franc,A,Annual,2024,,15624.775,,6,Millions,P,Provisional value,3,Three
DATAFLOW,CH1.COU:DF_COU_HEALTH_COSTS(1.0.0),Costs of health care,I,_T,Total,S_4,Medical goods,M_1,Inpatient,_T,Total,_T,Total,_T,Total,_T,Total,CHF,Swiss franc,A,Annual,2024,,1536.948,,6,Millions,P,Provisional value,3,Three
DATAFLOW,CH1.COU:DF_COU_HEALTH_COSTS(1.0.0),Costs of health care,I,_T,Total,S_4,Medical goods,M_2,Outpatient,_T,Total,_T,Total,_T,Total,_T,Total,CHF,Swiss franc,A,Annual,2024,,14087.827,,6,Millions,P,Provisional value,3,Three
DATAFLOW,CH1.COU:DF_COU_HEALTH_COSTS(1.0.0),Costs of health care,I,_T,Total,S_4_1,Medication,_T,Total,_T,Total,_T,Total,_T,Total,_T,Total,CHF,Swiss franc,A,Annual,2024,,11707.16,,6,Millions,P,Provisional value,3,Three
DATAFLOW,CH1.COU:DF_COU_HEALTH_COSTS(1.0.0),Costs of health care,I,_T,Total,S_4_1,Medication,M_1,Inpatient,_T,Total,_T,Total,_T,Total,_T,Total,CHF,Swiss franc,A,Annual,2024,,657.474,,6,Millions,P,Provisional value,3,Three
DATAFLOW,CH1.COU:DF_COU_HEALTH_COSTS(1.0.0),Costs of health care,I,_T,Total,S_4_1,Medication,M_2,Outpatient,_T,Total,_T,Total,_T,Total,_T,Total,CHF,Swiss franc,A,Annual,2024,,11049.686,,6,Millions,P,Provisional value,3,Three
DATAFLOW,CH1.COU:DF_COU_HEALTH_COSTS(1.0.0),Costs of health care,I,_T,Total,S_4_2,Consumables,_T,Total,_T,Total,_T,Total,_T,Total,_T,Total,CHF,Swiss franc,A,Annual,2024,,629.836,,6,Millions,P,Provisional value,3,Three
DATAFLOW,CH1.COU:DF_COU_HEALTH_COSTS(1.0.0),Costs of health care,I,_T,Total,S_4_2,Consumables,M_2,Outpatient,_T,Total,_T,Total,_T,Total,_T,Total,CHF,Swiss franc,A,Annual,2024,,629.836,,6,Millions,P,Provisional value,3,Three
DATAFLOW,CH1.COU:DF_COU_HEALTH_COSTS(1.0.0),Costs of health care,I,_T,Total,S_4_3,Therapeutic appliances,_T,Total,_T,Total,_T,Total,_T,Total,_T,Total,CHF,Swiss franc,A,Annual,2024,,3287.779,,6,Millions,P,Provisional value,3,Three
DATAFLOW,CH1.COU:DF_COU_HEALTH_COSTS(1.0.0),Costs of health care,I,_T,Total,S_4_3,Therapeutic appliances,M_1,Inpatient,_T,Total,_T,Total,_T,Total,_T,Total,CHF,Swiss franc,A,Annual,2024,,879.473,,6,Millions,P,Provisional value,3,Three
DATAFLOW,CH1.COU:DF_COU_HEALTH_COSTS(1.0.0),Costs of health care,I,_T,Total,S_4_3,Therapeutic appliances,M_2,Outpatient,_T,Total,_T,Total,_T,Total,_T,Total,CHF,Swiss franc,A,Annual,2024,,2408.305,,6,Millions,P,Provisional value,3,Three
DATAFLOW,CH1.COU:DF_COU_HEALTH_COSTS(1.0.0),Costs of health care,I,_T,Total,S_5,Prevention,_T,Total,_T,Total,_T,Total,_T,Total,_T,Total,CHF,Swiss franc,A,Annual,2024,,1457.188,,6,Millions,P,Provisional value,3,Three
DATAFLOW,CH1.COU:DF_COU_HEALTH_COSTS(1.0.0),Costs of health care,I,_T,Total,S_5,Prevention,M_5,Not defined,_T,Total,_T,Total,_T,Total,_T,Total,CHF,Swiss franc,A,Annual,2024,,1457.188,,6,Millions,P,Provisional value,3,Three
DATAFLOW,CH1.COU:DF_COU_HEALTH_COSTS(1.0.0),Costs of health care,I,_T,Total,S_5_1,"Prevention: Information, education and counseling programmes",_T,Total,_T,Total,_T,Total,_T,Total,_T,Total,CHF,Swiss franc,A,Annual,2024,,1246.941,,6,Millions,P,Provisional value,3,Three
DATAFLOW,CH1.COU:DF_COU_HEALTH_COSTS(1.0.0),Costs of health care,I,_T,Total,S_5_1,"Prevention: Information, education and counseling programmes",M_5,Not defined,_T,Total,_T,Total,_T,Total,_T,Total,CHF,Swiss franc,A,Annual,2024,,1246.941,,6,Millions,P,Provisional value,3,Three
DATAFLOW,CH1.COU:DF_COU_HEALTH_COSTS(1.0.0),Costs of health care,I,_T,Total,S_5_1_1,Prevention: Addiction,_T,Total,_T,Total,_T,Total,_T,Total,_T,Total,CHF,Swiss franc,A,Annual,2024,,223.95,,6,Millions,P,Provisional value,3,Three
DATAFLOW,CH1.COU:DF_COU_HEALTH_COSTS(1.0.0),Costs of health care,I,_T,Total,S_5_1_1,Prevention: Addiction,M_5,Not defined,_T,Total,_T,Total,_T,Total,_T,Total,CHF,Swiss franc,A,Annual,2024,,223.95,,6,Millions,P,Provisional value,3,Three
DATAFLOW,CH1.COU:DF_COU_HEALTH_COSTS(1.0.0),Costs of health care,I,_T,Total,S_5_1_2,"Prevention: Mental health, healthcare in schools",_T,Total,_T,Total,_T,Total,_T,Total,_T,Total,CHF,Swiss franc,A,Annual,2024,,219.574,,6,Millions,P,Provisional value,3,Three
DATAFLOW,CH1.COU:DF_COU_HEALTH_COSTS(1.0.0),Costs of health care,I,_T,Total,S_5_1_2,"Prevention: Mental health, healthcare in schools",M_5,Not defined,_T,Total,_T,Total,_T,Total,_T,Total,CHF,Swiss franc,A,Annual,2024,,219.574,,6,Millions,P,Provisional value,3,Three
DATAFLOW,CH1.COU:DF_COU_HEALTH_COSTS(1.0.0),Costs of health care,I,_T,Total,S_5_1_3,Prevention: Accidents and injuries,_T,Total,_T,Total,_T,Total,_T,Total,_T,Total,CHF,Swiss franc,A,Annual,2024,,203.972,,6,Millions,P,Provisional value,3,Three
DATAFLOW,CH1.COU:DF_COU_HEALTH_COSTS(1.0.0),Costs of health care,I,_T,Total,S_5_1_3,Prevention: Accidents and injuries,M_5,Not defined,_T,Total,_T,Total,_T,Total,_T,Total,CHF,Swiss franc,A,Annual,2024,,203.972,,6,Millions,P,Provisional value,3,Three
DATAFLOW,CH1.COU:DF_COU_HEALTH_COSTS(1.0.0),Costs of health care,I,_T,Total,S_5_1_4,Prevention: Food safety,_T,Total,_T,Total,_T,Total,_T,Total,_T,Total,CHF,Swiss franc,A,Annual,2024,,12.081,,6,Millions,P,Provisional value,3,Three
DATAFLOW,CH1.COU:DF_COU_HEALTH_COSTS(1.0.0),Costs of health care,I,_T,Total,S_5_1_4,Prevention: Food safety,M_5,Not defined,_T,Total,_T,Total,_T,Total,_T,Total,CHF,Swiss franc,A,Annual,2024,,12.081,,6,Millions,P,Provisional value,3,Three
DATAFLOW,CH1.COU:DF_COU_HEALTH_COSTS(1.0.0),Costs of health care,I,_T,Total,S_5_1_5,Prevention: Awareness among population/target groups,_T,Total,_T,Total,_T,Total,_T,Total,_T,Total,CHF,Swiss franc,A,Annual,2024,,587.364,,6,Millions,P,Provisional value,3,Three
DATAFLOW,CH1.COU:DF_COU_HEALTH_COSTS(1.0.0),Costs of health care,I,_T,Total,S_5_1_5,Prevention: Awareness among population/target groups,M_5,Not defined,_T,Total,_T,Total,_T,Total,_T,Total,CHF,Swiss franc,A,Annual,2024,,587.364,,6,Millions,P,Provisional value,3,Three
DATAFLOW,CH1.COU:DF_COU_HEALTH_COSTS(1.0.0),Costs of health care,I,_T,Total,S_5_2,Prevention of communicable diseases,_T,Total,_T,Total,_T,Total,_T,Total,_T,Total,CHF,Swiss franc,A,Annual,2024,,191.651,,6,Millions,P,Provisional value,3,Three
DATAFLOW,CH1.COU:DF_COU_HEALTH_COSTS(1.0.0),Costs of health care,I,_T,Total,S_5_2,Prevention of communicable diseases,M_5,Not defined,_T,Total,_T,Total,_T,Total,_T,Total,CHF,Swiss franc,A,Annual,2024,,191.651,,6,Millions,P,Provisional value,3,Three
DATAFLOW,CH1.COU:DF_COU_HEALTH_COSTS(1.0.0),Costs of health care,I,_T,Total,S_5_2_1,Prevention: Vaccination programmes,_T,Total,_T,Total,_T,Total,_T,Total,_T,Total,CHF,Swiss franc,A,Annual,2024,,191.651,,6,Millions,P,Provisional value,3,Three
DATAFLOW,CH1.COU:DF_COU_HEALTH_COSTS(1.0.0),Costs of health care,I,_T,Total,S_5_2_1,Prevention: Vaccination programmes,M_5,Not defined,_T,Total,_T,Total,_T,Total,_T,Total,CHF,Swiss franc,A,Annual,2024,,191.651,,6,Millions,P,Provisional value,3,Three
DATAFLOW,CH1.COU:DF_COU_HEALTH_COSTS(1.0.0),Costs of health care,I,_T,Total,S_5_4,Other prevention,_T,Total,_T,Total,_T,Total,_T,Total,_T,Total,CHF,Swiss franc,A,Annual,2024,,18.596,,6,Millions,P,Provisional value,3,Three
DATAFLOW,CH1.COU:DF_COU_HEALTH_COSTS(1.0.0),Costs of health care,I,_T,Total,S_5_4,Other prevention,M_5,Not defined,_T,Total,_T,Total,_T,Total,_T,Total,CHF,Swiss franc,A,Annual,2024,,18.596,,6,Millions,P,Provisional value,3,Three
DATAFLOW,CH1.COU:DF_COU_HEALTH_COSTS(1.0.0),Costs of health care,I,_T,Total,S_6,Mandates,_T,Total,_T,Total,_T,Total,_T,Total,_T,Total,CHF,Swiss franc,A,Annual,2024,,2483.245,,6,Millions,P,Provisional value,3,Three
DATAFLOW,CH1.COU:DF_COU_HEALTH_COSTS(1.0.0),Costs of health care,I,_T,Total,S_6,Mandates,M_5,Not defined,_T,Total,_T,Total,_T,Total,_T,Total,CHF,Swiss franc,A,Annual,2024,,2483.245,,6,Millions,P,Provisional value,3,Three
DATAFLOW,CH1.COU:DF_COU_HEALTH_COSTS(1.0.0),Costs of health care,I,_T,Total,S_6_3,Other mandates,_T,Total,_T,Total,_T,Total,_T,Total,_T,Total,CHF,Swiss franc,A,Annual,2024,,2483.245,,6,Millions,P,Provisional value,3,Three
DATAFLOW,CH1.COU:DF_COU_HEALTH_COSTS(1.0.0),Costs of health care,I,_T,Total,S_6_3,Other mandates,M_5,Not defined,_T,Total,_T,Total,_T,Total,_T,Total,CHF,Swiss franc,A,Annual,2024,,2483.245,,6,Millions,P,Provisional value,3,Three
DATAFLOW,CH1.COU:DF_COU_HEALTH_COSTS(1.0.0),Costs of health care,I,_T,Total,S_7,Administration,_T,Total,_T,Total,_T,Total,_T,Total,_T,Total,CHF,Swiss franc,A,Annual,2024,,4242.135,,6,Millions,P,Provisional value,3,Three
DATAFLOW,CH1.COU:DF_COU_HEALTH_COSTS(1.0.0),Costs of health care,I,_T,Total,S_7,Administration,M_5,Not defined,_T,Total,_T,Total,_T,Total,_T,Total,CHF,Swiss franc,A,Annual,2024,,4242.135,,6,Millions,P,Provisional value,3,Three
DATAFLOW,CH1.COU:DF_COU_HEALTH_COSTS(1.0.0),Costs of health care,I,_T,Total,S_7_1,Administration public health,_T,Total,_T,Total,_T,Total,_T,Total,_T,Total,CHF,Swiss franc,A,Annual,2024,,929.801,,6,Millions,P,Provisional value,3,Three
DATAFLOW,CH1.COU:DF_COU_HEALTH_COSTS(1.0.0),Costs of health care,I,_T,Total,S_7_1,Administration public health,M_5,Not defined,_T,Total,_T,Total,_T,Total,_T,Total,CHF,Swiss franc,A,Annual,2024,,929.801,,6,Millions,P,Provisional value,3,Three
DATAFLOW,CH1.COU:DF_COU_HEALTH_COSTS(1.0.0),Costs of health care,I,_T,Total,S_7_2,Administration social insurance,_T,Total,_T,Total,_T,Total,_T,Total,_T,Total,CHF,Swiss franc,A,Annual,2024,,2124.774,,6,Millions,P,Provisional value,3,Three
DATAFLOW,CH1.COU:DF_COU_HEALTH_COSTS(1.0.0),Costs of health care,I,_T,Total,S_7_2,Administration social insurance,M_5,Not defined,_T,Total,_T,Total,_T,Total,_T,Total,CHF,Swiss franc,A,Annual,2024,,2124.774,,6,Millions,P,Provisional value,3,Three
DATAFLOW,CH1.COU:DF_COU_HEALTH_COSTS(1.0.0),Costs of health care,I,_T,Total,S_7_3,Administration private insurance,_T,Total,_T,Total,_T,Total,_T,Total,_T,Total,CHF,Swiss franc,A,Annual,2024,,1187.561,,6,Millions,P,Provisional value,3,Three
DATAFLOW,CH1.COU:DF_COU_HEALTH_COSTS(1.0.0),Costs of health care,I,_T,Total,S_7_3,Administration private insurance,M_5,Not defined,_T,Total,_T,Total,_T,Total,_T,Total,CHF,Swiss franc,A,Annual,2024,,1187.561,,6,Millions,P,Provisional value,3,Three
