year,population,total_growth,births,deaths,natural_balance,immigration,emigration,net_migration,fertility_rate,data_type,source_id,source_note
1981,6335243,,73747,59763,13984,121420,,,,observed,bfs_statpop_population_balance,"OFS STATPOP / PX-Web, bilan démographique institutionnel. Population issue de l'effectif disponible dans l'export OFS; variation et migration nette dérivées si absentes."
1982,6372904,37661,74916,59204,15712,114290,92341,21949,,observed,bfs_statpop_population_balance,"OFS STATPOP / PX-Web, bilan démographique institutionnel. Population issue de l'effectif disponible dans l'export OFS; variation et migration nette dérivées si absentes."
1983,6409713,36809,73659,60756,12903,96500,72594,23906,,observed,bfs_statpop_population_balance,"OFS STATPOP / PX-Web, bilan démographique institutionnel. Population issue de l'effectif disponible dans l'export OFS; variation et migration nette dérivées si absentes."
1984,6427833,18120,74710,58602,16108,96880,94868,2012,,observed,bfs_statpop_population_balance,"OFS STATPOP / PX-Web, bilan démographique institutionnel. Population issue de l'effectif disponible dans l'export OFS; variation et migration nette dérivées si absentes."
1985,6455896,28063,74684,59583,15101,98866,85904,12962,,observed,bfs_statpop_population_balance,"OFS STATPOP / PX-Web, bilan démographique institutionnel. Population issue de l'effectif disponible dans l'export OFS; variation et migration nette dérivées si absentes."
1986,6484834,28938,76320,60105,16215,107222,94499,12723,,observed,bfs_statpop_population_balance,"OFS STATPOP / PX-Web, bilan démographique institutionnel. Population issue de l'effectif disponible dans l'export OFS; variation et migration nette dérivées si absentes."
1987,6523413,38579,76505,59511,16994,112721,91136,21585,,observed,bfs_statpop_population_balance,"OFS STATPOP / PX-Web, bilan démographique institutionnel. Population issue de l'effectif disponible dans l'export OFS; variation et migration nette dérivées si absentes."
1988,6566799,43386,80345,60648,19697,124984,101295,23689,,observed,bfs_statpop_population_balance,"OFS STATPOP / PX-Web, bilan démographique institutionnel. Population issue de l'effectif disponible dans l'export OFS; variation et migration nette dérivées si absentes."
1989,6619973,53174,81180,60882,20298,130198,97322,32876,,observed,bfs_statpop_population_balance,"OFS STATPOP / PX-Web, bilan démographique institutionnel. Population issue de l'effectif disponible dans l'export OFS; variation et migration nette dérivées si absentes."
1990,6673850,53877,83939,63739,20200,154244,120567,33677,,observed,bfs_statpop_population_balance,"OFS STATPOP / PX-Web, bilan démographique institutionnel. Population issue de l'effectif disponible dans l'export OFS; variation et migration nette dérivées si absentes."
1991,6757188,83338,86200,62634,23566,164773,105001,59772,,observed,bfs_statpop_population_balance,"OFS STATPOP / PX-Web, bilan démographique institutionnel. Population issue de l'effectif disponible dans l'export OFS; variation et migration nette dérivées si absentes."
1992,6842768,85580,86910,62302,24608,157190,96218,60972,,observed,bfs_statpop_population_balance,"OFS STATPOP / PX-Web, bilan démographique institutionnel. Population issue de l'effectif disponible dans l'export OFS; variation et migration nette dérivées si absentes."
1993,6907959,65191,83762,62512,21250,144537,100596,43941,,observed,bfs_statpop_population_balance,"OFS STATPOP / PX-Web, bilan démographique institutionnel. Population issue de l'effectif disponible dans l'export OFS; variation et migration nette dérivées si absentes."
1994,6968570,60611,82980,61987,20993,130188,90570,39618,,observed,bfs_statpop_population_balance,"OFS STATPOP / PX-Web, bilan démographique institutionnel. Population issue de l'effectif disponible dans l'export OFS; variation et migration nette dérivées si absentes."
1995,7019019,50449,82203,63387,18816,113967,82334,31633,,observed,bfs_statpop_population_balance,"OFS STATPOP / PX-Web, bilan démographique institutionnel. Population issue de l'effectif disponible dans l'export OFS; variation et migration nette dérivées si absentes."
1996,7062354,43335,83007,62637,20370,97591,74626,22965,,observed,bfs_statpop_population_balance,"OFS STATPOP / PX-Web, bilan démographique institutionnel. Population issue de l'effectif disponible dans l'export OFS; variation et migration nette dérivées si absentes."
1997,7081346,18992,80584,62839,17745,91687,90440,1247,,observed,bfs_statpop_population_balance,"OFS STATPOP / PX-Web, bilan démographique institutionnel. Population issue de l'effectif disponible dans l'export OFS; variation et migration nette dérivées si absentes."
1998,7096465,15119,78949,62569,16380,95955,97216,-1261,,observed,bfs_statpop_population_balance,"OFS STATPOP / PX-Web, bilan démographique institutionnel. Population issue de l'effectif disponible dans l'export OFS; variation et migration nette dérivées si absentes."
1999,7123537,27072,78408,62503,15905,107953,96786,11167,,observed,bfs_statpop_population_balance,"OFS STATPOP / PX-Web, bilan démographique institutionnel. Population issue de l'effectif disponible dans l'export OFS; variation et migration nette dérivées si absentes."
2000,7164444,40907,78458,62528,15930,110302,85325,24977,,observed,bfs_statpop_population_balance,"OFS STATPOP / PX-Web, bilan démographique institutionnel. Population issue de l'effectif disponible dans l'export OFS; variation et migration nette dérivées si absentes."
2001,7197638,33194,72295,61228,11067,124077,101950,22127,,observed,bfs_statpop_population_balance,"OFS STATPOP / PX-Web, bilan démographique institutionnel. Population issue de l'effectif disponible dans l'export OFS; variation et migration nette dérivées si absentes."
2002,7255653,58015,72372,61768,10604,127340,79929,47411,,observed,bfs_statpop_population_balance,"OFS STATPOP / PX-Web, bilan démographique institutionnel. Population issue de l'effectif disponible dans l'export OFS; variation et migration nette dérivées si absentes."
2003,7313853,58200,71848,63070,8778,119783,70361,49422,,observed,bfs_statpop_population_balance,"OFS STATPOP / PX-Web, bilan démographique institutionnel. Population issue de l'effectif disponible dans l'export OFS; variation et migration nette dérivées si absentes."
2004,7364148,50295,73082,60180,12902,120188,82795,37393,,observed,bfs_statpop_population_balance,"OFS STATPOP / PX-Web, bilan démographique institutionnel. Population issue de l'effectif disponible dans l'export OFS; variation et migration nette dérivées si absentes."
2005,7415102,50954,72903,61124,11779,118270,79095,39175,,observed,bfs_statpop_population_balance,"OFS STATPOP / PX-Web, bilan démographique institutionnel. Population issue de l'effectif disponible dans l'export OFS; variation et migration nette dérivées si absentes."
2006,7459128,44026,73371,60283,13088,127586,96648,30938,,observed,bfs_statpop_population_balance,"OFS STATPOP / PX-Web, bilan démographique institutionnel. Population issue de l'effectif disponible dans l'export OFS; variation et migration nette dérivées si absentes."
2007,7508739,49611,74494,61089,13405,165634,129428,36206,,observed,bfs_statpop_population_balance,"OFS STATPOP / PX-Web, bilan démographique institutionnel. Population issue de l'effectif disponible dans l'export OFS; variation et migration nette dérivées si absentes."
2008,7593494,84755,76691,61233,15458,184297,115000,69297,,observed,bfs_statpop_population_balance,"OFS STATPOP / PX-Web, bilan démographique institutionnel. Population issue de l'effectif disponible dans l'export OFS; variation et migration nette dérivées si absentes."
2009,7701856,108362,78286,62476,15810,160623,68071,92552,,observed,bfs_statpop_population_balance,"OFS STATPOP / PX-Web, bilan démographique institutionnel. Population issue de l'effectif disponible dans l'export OFS; variation et migration nette dérivées si absentes."
2010,7785806,83950,80290,62553,17737,161778,95565,66213,,observed,bfs_statpop_population_balance,"OFS STATPOP / PX-Web, bilan démographique institutionnel. Population issue de l'effectif disponible dans l'export OFS; variation et migration nette dérivées si absentes."
2011,7870134,84328,80808,62091,18717,164612,99001,65611,,observed,bfs_statpop_population_balance,"OFS STATPOP / PX-Web, bilan démographique institutionnel. Population issue de l'effectif disponible dans l'export OFS; variation et migration nette dérivées si absentes."
2012,7954662,84528,82164,64173,17991,175008,108471,66537,,observed,bfs_statpop_population_balance,"OFS STATPOP / PX-Web, bilan démographique institutionnel. Population issue de l'effectif disponible dans l'export OFS; variation et migration nette dérivées si absentes."
2013,8039060,84398,82731,64961,17770,193302,126674,66628,,observed,bfs_statpop_population_balance,"OFS STATPOP / PX-Web, bilan démographique institutionnel. Population issue de l'effectif disponible dans l'export OFS; variation et migration nette dérivées si absentes."
2014,8139631,100571,85287,63938,21349,187326,108104,79222,,observed,bfs_statpop_population_balance,"OFS STATPOP / PX-Web, bilan démographique institutionnel. Population issue de l'effectif disponible dans l'export OFS; variation et migration nette dérivées si absentes."
2015,8237666,98035,86559,67606,18953,188515,109433,79082,,observed,bfs_statpop_population_balance,"OFS STATPOP / PX-Web, bilan démographique institutionnel. Population issue de l'effectif disponible dans l'export OFS; variation et migration nette dérivées si absentes."
2016,8327126,89460,87883,64964,22919,191683,125142,66541,,observed,bfs_statpop_population_balance,"OFS STATPOP / PX-Web, bilan démographique institutionnel. Population issue de l'effectif disponible dans l'export OFS; variation et migration nette dérivées si absentes."
2017,8419550,92424,87381,66971,20410,170945,98931,72014,,observed,bfs_statpop_population_balance,"OFS STATPOP / PX-Web, bilan démographique institutionnel. Population issue de l'effectif disponible dans l'export OFS; variation et migration nette dérivées si absentes."
2018,8484130,64580,87851,67088,20763,170085,126268,43817,,observed,bfs_statpop_population_balance,"OFS STATPOP / PX-Web, bilan démographique institutionnel. Population issue de l'effectif disponible dans l'export OFS; variation et migration nette dérivées si absentes."
2019,8544527,60397,86172,67780,18392,169573,127568,42005,,observed,bfs_statpop_population_balance,"OFS STATPOP / PX-Web, bilan démographique institutionnel. Population issue de l'effectif disponible dans l'export OFS; variation et migration nette dérivées si absentes."
2020,8606033,61506,85914,76195,9719,163180,111393,51787,,observed,bfs_statpop_population_balance,"OFS STATPOP / PX-Web, bilan démographique institutionnel. Population issue de l'effectif disponible dans l'export OFS; variation et migration nette dérivées si absentes."
2021,8670300,64267,89644,71192,18452,165640,119825,45815,,observed,bfs_statpop_population_balance,"OFS STATPOP / PX-Web, bilan démographique institutionnel. Population issue de l'effectif disponible dans l'export OFS; variation et migration nette dérivées si absentes."
2022,8738791,68491,82371,74425,7946,190883,130338,60545,,observed,bfs_statpop_population_balance,"OFS STATPOP / PX-Web, bilan démographique institutionnel. Population issue de l'effectif disponible dans l'export OFS; variation et migration nette dérivées si absentes."
2023,8815385,76594,80024,71822,8202,263081,194689,68392,,observed,bfs_statpop_population_balance,"OFS STATPOP / PX-Web, bilan démographique institutionnel. Population issue de l'effectif disponible dans l'export OFS; variation et migration nette dérivées si absentes."
2024,8962258,146873,78256,71942,6314,212578,72019,140559,,observed,bfs_statpop_population_balance,"OFS STATPOP / PX-Web, bilan démographique institutionnel. Population issue de l'effectif disponible dans l'export OFS; variation et migration nette dérivées si absentes."
