year,hbm_total,hbm_lup,hlm_total,hlm_lup,hcm_total,hcm_lup,hm_total,hm_lup,subsidized_total,subsidized_lup_total,data_type,source_id,source_note
1977,3023,,30102,,6181,,,,39306,,official,ocstat_geneva_housing_subsidized,"OCSTAT tableau T 09.02.1.2.05, logements subventionnés selon le type."
1978,3064,,30181,,6588,,,,39833,,official,ocstat_geneva_housing_subsidized,"OCSTAT tableau T 09.02.1.2.05, logements subventionnés selon le type."
1979,3154,,29894,,7064,,,,40112,,official,ocstat_geneva_housing_subsidized,"OCSTAT tableau T 09.02.1.2.05, logements subventionnés selon le type."
1980,3154,,29857,,7368,,,,40379,,official,ocstat_geneva_housing_subsidized,"OCSTAT tableau T 09.02.1.2.05, logements subventionnés selon le type."
1981,3153,,28848,,7547,,,,39548,,official,ocstat_geneva_housing_subsidized,"OCSTAT tableau T 09.02.1.2.05, logements subventionnés selon le type."
1982,3209,,28092,,7708,,,,39009,,official,ocstat_geneva_housing_subsidized,"OCSTAT tableau T 09.02.1.2.05, logements subventionnés selon le type."
1983,3559,,26515,,7066,,,,37140,,official,ocstat_geneva_housing_subsidized,"OCSTAT tableau T 09.02.1.2.05, logements subventionnés selon le type."
1984,3559,,26063,,6265,,,,35887,,official,ocstat_geneva_housing_subsidized,"OCSTAT tableau T 09.02.1.2.05, logements subventionnés selon le type."
1985,3559,,25309,,5309,,,,34177,,official,ocstat_geneva_housing_subsidized,"OCSTAT tableau T 09.02.1.2.05, logements subventionnés selon le type."
1986,3559,,23833,,5317,,,,32709,,official,ocstat_geneva_housing_subsidized,"OCSTAT tableau T 09.02.1.2.05, logements subventionnés selon le type."
1987,3565,,23111,,4638,,,,31314,,official,ocstat_geneva_housing_subsidized,"OCSTAT tableau T 09.02.1.2.05, logements subventionnés selon le type."
1988,3565,,23465,,4540,,,,31570,,official,ocstat_geneva_housing_subsidized,"OCSTAT tableau T 09.02.1.2.05, logements subventionnés selon le type."
1989,3535,,21733,,3950,,,,29218,,official,ocstat_geneva_housing_subsidized,"OCSTAT tableau T 09.02.1.2.05, logements subventionnés selon le type."
1990,3535,,21945,,3001,,,,28481,,official,ocstat_geneva_housing_subsidized,"OCSTAT tableau T 09.02.1.2.05, logements subventionnés selon le type."
1991,3679,,22129,,2787,,,,28595,,official,ocstat_geneva_housing_subsidized,"OCSTAT tableau T 09.02.1.2.05, logements subventionnés selon le type."
1992,3703,,21717,,2840,,,,28260,,official,ocstat_geneva_housing_subsidized,"OCSTAT tableau T 09.02.1.2.05, logements subventionnés selon le type."
1993,3724,,21576,,2644,,,,27944,,official,ocstat_geneva_housing_subsidized,"OCSTAT tableau T 09.02.1.2.05, logements subventionnés selon le type."
1994,3741,,21439,,2497,,,,27677,,official,ocstat_geneva_housing_subsidized,"OCSTAT tableau T 09.02.1.2.05, logements subventionnés selon le type."
1995,4019,,20968,,2258,,,,27245,,official,ocstat_geneva_housing_subsidized,"OCSTAT tableau T 09.02.1.2.05, logements subventionnés selon le type."
1996,4273,,21134,,2348,,,,27755,,official,ocstat_geneva_housing_subsidized,"OCSTAT tableau T 09.02.1.2.05, logements subventionnés selon le type."
1997,4329,,20350,,2295,,27,,27001,,official,ocstat_geneva_housing_subsidized,"OCSTAT tableau T 09.02.1.2.05, logements subventionnés selon le type."
1998,4472,,18960,,2264,,166,,25862,,official,ocstat_geneva_housing_subsidized,"OCSTAT tableau T 09.02.1.2.05, logements subventionnés selon le type."
1999,4761,,17036,,2302,,377,,24476,,official,ocstat_geneva_housing_subsidized,"OCSTAT tableau T 09.02.1.2.05, logements subventionnés selon le type."
2000,4808,,16105,,2275,,377,,23565,,official,ocstat_geneva_housing_subsidized,"OCSTAT tableau T 09.02.1.2.05, logements subventionnés selon le type."
2001,4976,,15682,,2182,,414,,23254,,official,ocstat_geneva_housing_subsidized,"OCSTAT tableau T 09.02.1.2.05, logements subventionnés selon le type."
2002,5144,,15109,,1986,,531,,22770,,official,ocstat_geneva_housing_subsidized,"OCSTAT tableau T 09.02.1.2.05, logements subventionnés selon le type."
2003,5272,,15355,,1814,,624,,23065,,official,ocstat_geneva_housing_subsidized,"OCSTAT tableau T 09.02.1.2.05, logements subventionnés selon le type."
2004,5476,,14803,,1360,,757,,22396,,official,ocstat_geneva_housing_subsidized,"OCSTAT tableau T 09.02.1.2.05, logements subventionnés selon le type."
2005,5665,,14149,,1315,,1008,,22137,,official,ocstat_geneva_housing_subsidized,"OCSTAT tableau T 09.02.1.2.05, logements subventionnés selon le type."
2006,5665,,13704,,997,,1256,,21622,,official,ocstat_geneva_housing_subsidized,"OCSTAT tableau T 09.02.1.2.05, logements subventionnés selon le type."
2007,5659,,13161,,606,,1365,,20791,,official,ocstat_geneva_housing_subsidized,"OCSTAT tableau T 09.02.1.2.05, logements subventionnés selon le type."
2008,5849,5661,12269,73,409,,1548,,20075,5734,official,ocstat_geneva_housing_subsidized,"OCSTAT tableau T 09.02.1.2.05, logements subventionnés selon le type."
2009,5942,5759,11735,389,263,24,1747,18,19687,6190,official,ocstat_geneva_housing_subsidized,"OCSTAT tableau T 09.02.1.2.05, logements subventionnés selon le type."
2010,6253,6068,11018,335,42,,2102,149,19415,6552,official,ocstat_geneva_housing_subsidized,"OCSTAT tableau T 09.02.1.2.05, logements subventionnés selon le type."
2011,6390,6205,10496,496,,,2343,214,19229,6915,official,ocstat_geneva_housing_subsidized,"OCSTAT tableau T 09.02.1.2.05, logements subventionnés selon le type."
2012,6658,6473,9696,589,,,2726,382,19080,7444,official,ocstat_geneva_housing_subsidized,"OCSTAT tableau T 09.02.1.2.05, logements subventionnés selon le type."
2013,6581,6440,8679,620,,,3161,532,18421,7592,official,ocstat_geneva_housing_subsidized,"OCSTAT tableau T 09.02.1.2.05, logements subventionnés selon le type."
2014,6744,6623,8287,725,,,3525,608,18556,7956,official,ocstat_geneva_housing_subsidized,"OCSTAT tableau T 09.02.1.2.05, logements subventionnés selon le type."
2015,7104,6954,7432,767,,,3946,733,18482,8454,official,ocstat_geneva_housing_subsidized,"OCSTAT tableau T 09.02.1.2.05, logements subventionnés selon le type."
2016,7288,7133,6562,804,,,4256,777,18106,8714,official,ocstat_geneva_housing_subsidized,"OCSTAT tableau T 09.02.1.2.05, logements subventionnés selon le type."
2017,7514,7376,5721,905,,,4886,1110,18121,9391,official,ocstat_geneva_housing_subsidized,"OCSTAT tableau T 09.02.1.2.05, logements subventionnés selon le type."
2018,8130,7999,5024,765,,,5459,1261,18613,10025,official,ocstat_geneva_housing_subsidized,"OCSTAT tableau T 09.02.1.2.05, logements subventionnés selon le type."
2019,8352,8199,4806,880,,,5790,1563,18948,10642,official,ocstat_geneva_housing_subsidized,"OCSTAT tableau T 09.02.1.2.05, logements subventionnés selon le type."
2020,8374,8149,4988,1498,,,6291,1770,19653,11417,official,ocstat_geneva_housing_subsidized,"OCSTAT tableau T 09.02.1.2.05, logements subventionnés selon le type."
2021,8564,8421,4961,1714,,,7544,2304,21069,12439,official,ocstat_geneva_housing_subsidized,"OCSTAT tableau T 09.02.1.2.05, logements subventionnés selon le type."
2022,8591,8427,4815,1648,,,7727,2336,21133,12411,official,ocstat_geneva_housing_subsidized,"OCSTAT tableau T 09.02.1.2.05, logements subventionnés selon le type."
2023,8800,8544,4814,1728,,,8236,2338,21850,12610,official,ocstat_geneva_housing_subsidized,"OCSTAT tableau T 09.02.1.2.05, logements subventionnés selon le type."
2024,8934,8733,4879,2219,,,8315,2677,22128,13629,official,ocstat_geneva_housing_subsidized,"OCSTAT tableau T 09.02.1.2.05, logements subventionnés selon le type."
2025,9131,8979,4593,2249,,,8739,3028,22463,14256,official,ocstat_geneva_housing_subsidized,"OCSTAT tableau T 09.02.1.2.05, logements subventionnés selon le type."
