year,scenario,population,additional_population_since_start,required_housing_units,required_classes,required_doctors,required_hospital_beds,required_daily_transit_trips,required_water_m3_day,required_waste_tons_year,required_electricity_gwh_year
2024,linear_trend_2000_base_year,524410,0,0,0,0,0,0,0,0,0
2025,linear_trend_2000_base_year,529466,5056,2408,29,23,16,15168,759,1770,32.9
2026,linear_trend_2000_base_year,534522,10112,4816,58,46,31,30336,1517,3540,65.7
2027,linear_trend_2000_base_year,539578,15168,7223,87,69,46,45504,2276,5309,98.6
2028,linear_trend_2000_base_year,544634,20224,9631,116,92,61,60672,3034,7079,131.5
2029,linear_trend_2000_base_year,549690,25280,12039,145,114,76,75840,3792,8848,164.3
2030,linear_trend_2000_base_year,554746,30336,14446,174,137,92,91008,4551,10618,197.2
2031,linear_trend_2000_base_year,559802,35392,16854,203,160,107,106176,5309,12388,230
2032,linear_trend_2000_base_year,564858,40448,19261,232,183,122,121344,6068,14157,262.9
2033,linear_trend_2000_base_year,569914,45504,21669,261,205,137,136512,6826,15927,295.8
2034,linear_trend_2000_base_year,574970,50560,24077,289,228,152,151680,7584,17696,328.6
2035,linear_trend_2000_base_year,580026,55616,26484,318,251,167,166848,8343,19466,361.5
2036,linear_trend_2000_base_year,585082,60672,28892,347,274,183,182016,9101,21236,394.4
2037,linear_trend_2000_base_year,590137,65727,31299,376,296,198,197181,9860,23005,427.2
2038,linear_trend_2000_base_year,595193,70783,33707,405,319,213,212349,10618,24775,460.1
2039,linear_trend_2000_base_year,600249,75839,36114,434,342,228,227517,11376,26544,493
2040,linear_trend_2000_base_year,605305,80895,38522,463,365,243,242685,12135,28314,525.8
2041,linear_trend_2000_base_year,610361,85951,40930,492,387,258,257853,12893,30083,558.7
2042,linear_trend_2000_base_year,615417,91007,43337,521,410,274,273021,13652,31853,591.5
2043,linear_trend_2000_base_year,620473,96063,45745,549,433,289,288189,14410,33623,624.4
2044,linear_trend_2000_base_year,625529,101119,48152,578,456,304,303357,15168,35392,657.3
2045,linear_trend_2000_base_year,630585,106175,50560,607,478,319,318525,15927,37162,690.1
2046,linear_trend_2000_base_year,635641,111231,52968,636,501,334,333693,16685,38931,723
2047,linear_trend_2000_base_year,640697,116287,55375,665,524,349,348861,17444,40701,755.9
2048,linear_trend_2000_base_year,645753,121343,57783,694,547,365,364029,18202,42471,788.7
2049,linear_trend_2000_base_year,650809,126399,60190,723,569,380,379197,18960,44240,821.6
2050,linear_trend_2000_base_year,655865,131455,62598,752,592,395,394365,19719,46010,854.5
2024,cagr_trend_2000_base_year,524410,0,0,0,0,0,0,0,0,0
2025,cagr_trend_2000_base_year,530192,5782,2754,34,27,18,17346,868,2024,37.6
2026,cagr_trend_2000_base_year,536038,11628,5538,67,53,35,34884,1745,4070,75.6
2027,cagr_trend_2000_base_year,541948,17538,8352,101,79,53,52614,2631,6139,114
2028,cagr_trend_2000_base_year,547923,23513,11197,135,106,71,70539,3527,8230,152.8
2029,cagr_trend_2000_base_year,553965,29555,14074,169,133,89,88665,4434,10345,192.1
2030,cagr_trend_2000_base_year,560073,35663,16983,204,161,107,106989,5350,12483,231.8
2031,cagr_trend_2000_base_year,566248,41838,19923,240,189,126,125514,6276,14644,271.9
2032,cagr_trend_2000_base_year,572491,48081,22896,275,217,145,144243,7213,16829,312.5
2033,cagr_trend_2000_base_year,578803,54393,25902,311,245,164,163179,8159,19038,353.6
2034,cagr_trend_2000_base_year,585185,60775,28941,348,274,183,182325,9117,21272,395
2035,cagr_trend_2000_base_year,591637,67227,32013,385,303,202,201681,10085,23530,437
2036,cagr_trend_2000_base_year,598161,73751,35120,422,332,222,221253,11063,25813,479.4
2037,cagr_trend_2000_base_year,604756,80346,38260,460,362,242,241038,12052,28122,522.2
2038,cagr_trend_2000_base_year,611424,87014,41436,498,392,262,261042,13053,30455,565.6
2039,cagr_trend_2000_base_year,618165,93755,44646,536,422,282,281265,14064,32815,609.4
2040,cagr_trend_2000_base_year,624981,100571,47891,575,453,302,301713,15086,35200,653.7
2041,cagr_trend_2000_base_year,631872,107462,51173,615,484,323,322386,16120,37612,698.5
2042,cagr_trend_2000_base_year,638839,114429,54490,654,515,344,343287,17165,40051,743.8
2043,cagr_trend_2000_base_year,645882,121472,57844,695,547,365,364416,18221,42516,789.6
2044,cagr_trend_2000_base_year,653004,128594,61236,735,579,386,385782,19290,45008,835.9
2045,cagr_trend_2000_base_year,660204,135794,64664,776,612,408,407382,20370,47528,882.7
2046,cagr_trend_2000_base_year,667483,143073,68130,818,644,430,429219,21461,50076,930
2047,cagr_trend_2000_base_year,674843,150433,71635,860,677,452,451299,22565,52652,977.8
2048,cagr_trend_2000_base_year,682283,157873,75178,903,711,474,473619,23681,55256,1026.2
2049,cagr_trend_2000_base_year,689806,165396,78760,946,745,497,496188,24810,57889,1075.1
2050,cagr_trend_2000_base_year,697412,173002,82382,989,779,520,519006,25951,60551,1124.5
2024,recent_trend_2015_base_year,524410,0,0,0,0,0,0,0,0,0
2025,recent_trend_2015_base_year,529635,5225,2489,30,24,16,15675,784,1829,34
2026,recent_trend_2015_base_year,534860,10450,4977,60,48,32,31350,1568,3658,67.9
2027,recent_trend_2015_base_year,540085,15675,7465,90,71,48,47025,2352,5487,101.9
2028,recent_trend_2015_base_year,545310,20900,9953,120,95,63,62700,3135,7315,135.8
2029,recent_trend_2015_base_year,550535,26125,12441,150,118,79,78375,3919,9144,169.8
2030,recent_trend_2015_base_year,555760,31350,14929,180,142,95,94050,4703,10973,203.8
2031,recent_trend_2015_base_year,560985,36575,17417,209,165,110,109725,5487,12802,237.7
2032,recent_trend_2015_base_year,566210,41800,19905,239,189,126,125400,6270,14630,271.7
2033,recent_trend_2015_base_year,571435,47025,22393,269,212,142,141075,7054,16459,305.7
2034,recent_trend_2015_base_year,576660,52250,24881,299,236,157,156750,7838,18288,339.6
2035,recent_trend_2015_base_year,581885,57475,27370,329,259,173,172425,8622,20117,373.6
2036,recent_trend_2015_base_year,587110,62700,29858,359,283,189,188100,9405,21945,407.6
2037,recent_trend_2015_base_year,592335,67925,32346,389,306,204,203775,10189,23774,441.5
2038,recent_trend_2015_base_year,597560,73150,34834,418,330,220,219450,10973,25603,475.5
2039,recent_trend_2015_base_year,602785,78375,37322,448,353,236,235125,11757,27432,509.4
2040,recent_trend_2015_base_year,608010,83600,39810,478,377,251,250800,12540,29260,543.4
2041,recent_trend_2015_base_year,613235,88825,42298,508,400,267,266475,13324,31089,577.4
2042,recent_trend_2015_base_year,618460,94050,44786,538,424,283,282150,14108,32918,611.3
2043,recent_trend_2015_base_year,623685,99275,47274,568,447,298,297825,14892,34747,645.3
2044,recent_trend_2015_base_year,628910,104500,49762,598,471,314,313500,15675,36575,679.3
2045,recent_trend_2015_base_year,634135,109725,52250,627,494,330,329175,16459,38404,713.2
2046,recent_trend_2015_base_year,639360,114950,54739,657,518,345,344850,17243,40233,747.2
2047,recent_trend_2015_base_year,644585,120175,57227,687,541,361,360525,18027,42062,781.1
2048,recent_trend_2015_base_year,649810,125400,59715,717,565,377,376200,18810,43890,815.1
2049,recent_trend_2015_base_year,655035,130625,62203,747,588,392,391875,19594,45719,849.1
2050,recent_trend_2015_base_year,660260,135850,64691,777,612,408,407550,20378,47548,883
2024,initiative_linear,524410,0,0,0,0,0,0,0,0,0
2025,initiative_linear,526641,2231,1063,13,11,7,6693,335,781,14.5
2026,initiative_linear,528872,4462,2125,26,21,14,13386,670,1562,29
2027,initiative_linear,531102,6692,3187,39,31,21,20076,1004,2343,43.5
2028,initiative_linear,533333,8923,4250,51,41,27,26769,1339,3124,58
2029,initiative_linear,535564,11154,5312,64,51,34,33462,1674,3904,72.5
2030,initiative_linear,537795,13385,6374,77,61,41,40155,2008,4685,87
2031,initiative_linear,540025,15615,7436,90,71,47,46845,2343,5466,101.5
2032,initiative_linear,542256,17846,8499,102,81,54,53538,2677,6247,116
2033,initiative_linear,544487,20077,9561,115,91,61,60231,3012,7027,130.5
2034,initiative_linear,546718,22308,10623,128,101,67,66924,3347,7808,145
2035,initiative_linear,548948,24538,11685,141,111,74,73614,3681,8589,159.5
2036,initiative_linear,551179,26769,12748,153,121,81,80307,4016,9370,174
2037,initiative_linear,553410,29000,13810,166,131,87,87000,4350,10150,188.5
2038,initiative_linear,555641,31231,14872,179,141,94,93693,4685,10931,203
2039,initiative_linear,557872,33462,15935,192,151,101,100386,5020,11712,217.5
2040,initiative_linear,560102,35692,16997,204,161,108,107076,5354,12493,232
2041,initiative_linear,562333,37923,18059,217,171,114,113769,5689,13274,246.5
2042,initiative_linear,564564,40154,19121,230,181,121,120462,6024,14054,261
2043,initiative_linear,566795,42385,20184,243,191,128,127155,6358,14835,275.5
2044,initiative_linear,569025,44615,21246,255,201,134,133845,6693,15616,290
2045,initiative_linear,571256,46846,22308,268,211,141,140538,7027,16397,304.5
2046,initiative_linear,573487,49077,23370,281,221,148,147231,7362,17177,319
2047,initiative_linear,575718,51308,24433,294,231,154,153924,7697,17958,333.5
2048,initiative_linear,577948,53538,25495,306,241,161,160614,8031,18739,348
2049,initiative_linear,580179,55769,26557,319,251,168,167307,8366,19520,362.5
2050,initiative_linear,582410,58000,27620,332,261,174,174000,8700,20300,377
2024,initiative_cagr,524410,0,0,0,0,0,0,0,0,0
2025,initiative_cagr,526530,2120,1010,13,10,7,6360,318,742,13.8
2026,initiative_cagr,528659,4249,2024,25,20,13,12747,638,1488,27.6
2027,initiative_cagr,530796,6386,3041,37,29,20,19158,958,2236,41.5
2028,initiative_cagr,532942,8532,4063,49,39,26,25596,1280,2987,55.5
2029,initiative_cagr,535096,10686,5089,62,49,33,32058,1603,3741,69.5
2030,initiative_cagr,537260,12850,6120,74,58,39,38550,1928,4498,83.5
2031,initiative_cagr,539432,15022,7154,86,68,46,45066,2254,5258,97.6
2032,initiative_cagr,541613,17203,8192,99,78,52,51609,2581,6022,111.8
2033,initiative_cagr,543802,19392,9235,111,88,59,58176,2909,6788,126
2034,initiative_cagr,546001,21591,10282,124,98,65,64773,3239,7557,140.3
2035,initiative_cagr,548208,23798,11333,136,108,72,71394,3570,8330,154.7
2036,initiative_cagr,550424,26014,12388,149,118,79,78042,3903,9105,169.1
2037,initiative_cagr,552650,28240,13448,162,128,85,84720,4236,9884,183.6
2038,initiative_cagr,554884,30474,14512,175,138,92,91422,4572,10666,198.1
2039,initiative_cagr,557127,32717,15580,187,148,99,98151,4908,11451,212.7
2040,initiative_cagr,559380,34970,16653,200,158,105,104910,5246,12240,227.3
2041,initiative_cagr,561641,37231,17730,213,168,112,111693,5585,13031,242
2042,initiative_cagr,563912,39502,18811,226,178,119,118506,5926,13826,256.8
2043,initiative_cagr,566191,41781,19896,239,189,126,125343,6268,14624,271.6
2044,initiative_cagr,568480,44070,20986,252,199,133,132210,6611,15425,286.5
2045,initiative_cagr,570779,46369,22081,265,209,140,139107,6956,16230,301.4
2046,initiative_cagr,573086,48676,23180,279,220,147,146028,7302,17037,316.4
2047,initiative_cagr,575403,50993,24283,292,230,153,152979,7649,17848,331.5
2048,initiative_cagr,577729,53319,25390,305,240,160,159957,7998,18662,346.6
2049,initiative_cagr,580065,55655,26503,319,251,167,166965,8349,19480,361.8
2050,initiative_cagr,582410,58000,27620,332,261,174,174000,8700,20300,377
